"","Cluster","ID","Description","GeneRatio","BgRatio","pvalue","p.adjust","qvalue","geneID","Count"
"1","black","GO:0045165","cell fate commitment","15/232","238/17913",5.19612442575405e-07,0.00148089546133991,0.00129301454131396,"9181/2001/8324/3475/8543/5727/6422/6608/25928/55553/30812/6662/9095/6929/7005",15
"3","black","GO:0031589","cell-substrate adhesion","16/232","322/17913",4.90909876571263e-06,0.0036472921909378,0.0031845609379047,"1021/1946/2049/8324/2651/2824/3691/4241/4771/4851/8394/5467/5613/6422/7205/57348",16
"4","black","GO:0001655","urogenital system development","16/232","324/17913",5.31040359118266e-06,0.0036472921909378,0.0031845609379047,"2049/2296/3400/79192/3691/4609/5613/8842/5727/5268/6422/6608/30812/6662/57216/7466",16
"5","black","GO:0007398","ectoderm development","5/232","22/17913",7.67850987565853e-06,0.0036472921909378,0.0031845609379047,"2001/8324/3854/4771/25806",5
"6","black","GO:0048103","somatic stem cell division","5/232","22/17913",7.67850987565853e-06,0.0036472921909378,0.0031845609379047,"9181/8324/3815/7005/57216",5
"7","black","GO:0045662","negative regulation of myoblast differentiation","5/232","25/17913",1.50082484607926e-05,0.00611050115903698,0.00533526306185168,"4851/5467/25928/30812/6662",5
"11","blue","GO:0006260","DNA replication","81/802","260/17913",3.83204276559534e-46,1.51633932234608e-42,1.28030565663154e-42,"580/11177/641/83990/890/898/9134/8318/990/8317/983/1017/81620/10036/8208/1111/11200/10926/1763/27000/29980/79075/51514/144455/79733/157570/9156/11124/26271/2237/348654/9837/51659/84296/51053/23560/22944/55388/4171/4172/4173/4175/4176/84515/79892/4361/4678/4774/23595/23594/9768/5111/5422/23649/5427/5557/5888/9401/5982/5983/5984/5985/55159/83695/80010/116028/6117/6240/6241/7884/8243/9126/6749/9984/90381/8914/54962/11073/56652/56897/8882",81
"12","blue","GO:0007059","chromosome segregation","80/802","275/17913",4.46571039540229e-43,8.83540801730344e-40,7.46008673421415e-40,"9212/332/83990/699/701/891/57820/991/990/157313/113130/55143/81620/1062/1063/55839/387103/64793/51647/9787/79075/1894/9700/81610/2177/26271/2237/348654/55355/9928/81930/9493/11004/24137/3833/57082/90417/4085/79892/4288/4361/9918/23310/64151/23397/55706/10403/4751/83540/79023/23636/51203/11331/5347/9055/84722/29127/55920/116028/23212/81929/151648/151246/221150/8243/10592/9126/10051/79677/10615/57405/54908/6732/10460/11044/7153/9319/7272/150465/11130",80
"13","blue","GO:0140014","mitotic nuclear division","68/802","237/17913",2.84643595791052e-36,3.75444902848397e-33,3.17003078259929e-33,"54443/6790/9212/79866/701/891/126731/991/995/990/113130/55143/81620/1062/1063/55125/64793/1111/11200/9787/79075/9700/26271/348654/3832/9928/81930/9493/3796/11004/24137/3833/90417/9735/4085/4288/4605/9918/23310/64151/23397/10403/4751/23636/51203/11331/9088/5347/9055/84722/29127/23212/81929/151648/8243/10592/9126/10051/10615/6683/54908/10460/11044/22974/9319/7272/11065/11130",68
"14","blue","GO:0000280","nuclear division","82/802","357/17913",9.09127874711145e-36,8.692803737093e-33,7.33968026323323e-33,"54443/259266/6790/9212/79866/83990/701/891/57820/126731/991/995/990/113130/55143/81620/1062/1063/55125/64793/1111/11200/1164/9787/79075/9700/2175/2177/26271/63979/348654/3832/9928/81930/9493/3796/11004/24137/3833/90417/9735/4085/84930/4288/4361/4603/4605/9918/23310/64151/23397/55706/10403/4751/23636/51203/11331/9088/5347/9055/84722/29127/25788/23212/81929/151648/151246/8243/10592/9126/10051/10615/6683/54908/10460/11044/7153/22974/9319/7272/11065/11130",82
"46","blue","GO:0022613","ribonucleoprotein complex biogenesis","60/802","381/17913",1.16216581053891e-17,1.27741392008402e-15,1.07857142767559e-15,"26523/27161/708/23019/11052/25879/9188/3646/10480/10436/23404/51010/56915/11340/5393/54433/6936/8487/50628/79833/29889/23560/55127/81875/55646/51154/55226/4686/51388/4839/51602/11051/55003/219988/58155/5728/83732/84154/88745/27341/23212/10946/6628/6632/6635/6636/6637/135295/11171/6839/54881/96764/90381/51118/27340/84916/55813/51729/55759/10885",60
"58","blue","GO:0006913","nucleocytoplasmic transport","48/802","302/17913",1.60794030202094e-14,1.32554578647851e-12,1.11921107864352e-12,"347/580/51692/11052/10212/1894/56943/8487/50628/79833/10553/55705/3838/3840/55110/4686/55706/57122/9972/9631/23279/23165/23225/79023/10762/23636/4927/9688/11331/5295/8480/81929/7884/6628/6632/6635/6636/6637/6432/9984/57187/8563/7295/26019/65109/57510/11260/8882",48
"76","blue","GO:1905818","regulation of chromosome separation","19/802","52/17913",3.58844557824297e-13,2.15143623531931e-11,1.81654326401008e-11,"9212/701/891/991/990/81620/1062/1063/9787/9700/26271/348654/4085/10403/5347/54908/10460/9319/7272",19
"77","blue","GO:0031145","anaphase-promoting complex-dependent catabolic process","23/802","81/17913",5.59351232756831e-13,3.30351168361012e-11,2.78928643011812e-11,"6790/9212/701/891/991/983/1017/26271/4085/5347/5683/5684/5686/5688/5695/5717/5718/10213/5708/5713/23198/9232/11065",23
"133","blue","GO:0044766","multi-organism transport","19/802","73/17913",3.07489926407788e-10,9.81240031286787e-09,8.28500022426416e-09,"2332/3838/55706/57122/9972/9631/23279/23165/23225/79023/10762/23636/4927/9688/8480/81929/9984/57187/8563",19
"134","blue","GO:1902579","multi-organism localization","19/802","73/17913",3.07489926407788e-10,9.81240031286787e-09,8.28500022426416e-09,"2332/3838/55706/57122/9972/9631/23279/23165/23225/79023/10762/23636/4927/9688/8480/81929/9984/57187/8563",19
"144","blue","GO:0060968","regulation of gene silencing","26/802","139/17913",4.92473494331696e-10,1.45426687841084e-08,1.22789542105955e-08,"26523/27161/1017/1786/1981/2332/8087/55706/57122/9972/9631/23279/23165/23225/79023/10762/23636/4927/9688/5433/5437/5440/8480/81929/80312/57510",26
"150","blue","GO:1905819","negative regulation of chromosome separation","13/802","33/17913",6.58282092421006e-10,1.86058731407851e-08,1.57096794086035e-08,"9212/891/991/81620/1063/26271/348654/4085/10403/5347/54908/9319/7272",13
"152","blue","GO:0140013","meiotic nuclear division","26/802","142/17913",7.98873605560241e-10,2.22615694169146e-08,1.87963293109578e-08,"259266/6790/83990/57820/991/1164/9700/2175/2177/26271/63979/81930/84930/4361/4603/23397/55706/5347/25788/151648/151246/10592/10051/7153/9319/7272",26
"168","blue","GO:0034502","protein localization to chromosome","19/802","82/17913",2.60222991389729e-09,6.51710365145037e-08,5.50265006443038e-08,"65057/9212/701/22948/908/113130/983/81620/157570/2146/57082/84515/4436/10403/5347/55920/6117/54908/7272",19
"210","blue","GO:0002244","hematopoietic progenitor cell differentiation","24/802","158/17913",1.5083348917774e-07,2.98424058338158e-06,2.51971312973761e-06,"55326/54443/865/55526/157570/4291/11051/5134/5591/5683/5684/5686/5688/5695/5717/5718/10213/5708/5713/23198/54517/23212/6659/7153",24
"211","blue","GO:0032259","methylation","38/802","336/17913",1.53612793669615e-07,3.02410857985406e-06,2.55337526633861e-06,"57673/57019/51805/1786/1789/84661/9718/8726/399818/2146/113802/23463/221656/92342/64863/54069/4507/22823/55471/7468/142/26147/10196/64783/55183/6018/56950/6628/6839/79723/80312/200424/96764/54931/51605/7298/10785/11091",38
"212","blue","GO:0140053","mitochondrial gene expression","23/802","148/17913",1.78814095403612e-07,3.50280878966382e-06,2.95756091094875e-06,"708/7818/28998/29088/9801/11222/65080/57129/51642/51258/55173/51373/54460/64969/64965/87178/55037/80324/6832/64216/54802/54931/56652",23
"240","blue","GO:0097711","ciliary basal body-plasma membrane docking","17/802","95/17913",9.49498667347971e-07,1.63355053334605e-05,1.37927174835811e-05,"983/55835/22995/55125/55722/79959/84131/84902/11116/115106/54801/93323/9657/54820/4751/5347/10733",17
"276","blue","GO:0043470","regulation of carbohydrate catabolic process","15/802","84/17913",4.22152706501613e-06,6.27991826927399e-05,5.30238500370447e-05,"55706/57122/9972/9631/23279/23165/23225/79023/10762/23636/4927/9688/8480/81929/26137",15
"318","blue","GO:0062012","regulation of small molecule metabolic process","40/802","439/17913",1.70382496861434e-05,0.000217860568182662,0.000183948350933527,"57673/891/983/51805/79071/4200/55706/4800/57122/9972/9631/23279/23165/23225/79023/10762/23636/4927/9688/4953/142/5683/5684/5686/5688/5695/5717/5718/10213/5708/5713/23198/5771/8480/157506/81929/23408/158219/11091/26137",40
"321","blue","GO:0000079","regulation of cyclin-dependent protein serine/threonine kinase activity","14/802","83/17913",1.73339230554901e-05,0.000220547696239789,0.000186217200129042,"641/891/892/993/995/990/1033/1163/1164/23560/9088/5347/84722/5728",14
"352","blue","GO:0099116","tRNA 5'-end processing","6/802","16/17913",4.30218211110951e-05,0.000497770017943285,0.000420287042802758,"10940/10775/10248/10799/54931/9097",6
"359","blue","GO:0060249","anatomical structure homeostasis","37/802","413/17913",5.01768290170801e-05,0.000568339356164354,0.000479871544488956,"65057/9212/580/641/898/9134/22948/908/64858/1763/9156/2237/2271/54433/9657/57482/4361/55226/4751/142/5111/5422/23649/5427/5557/5591/5888/9401/5982/5983/5984/5985/55183/6117/79677/11171/7037",37
"360","blue","GO:0061982","meiosis I cell cycle process","14/802","91/17913",5.02700972093818e-05,0.000568339356164354,0.000479871544488956,"6790/83990/57820/1164/9700/2177/26271/4361/2956/4603/55706/5347/25788/9319",14
"390","blue","GO:0002478","antigen processing and presentation of exogenous peptide antigen","20/802","174/17913",0.000105877178827793,0.0011025157805831,0.00093089796564935,"1062/3832/56992/81930/9493/3796/11004/24137/5683/5684/5686/5688/5695/5717/5718/10213/5708/5713/23198/29127",20
"421","blue","GO:0046434","organophosphate catabolic process","23/802","224/17913",0.000187235317751114,0.00180265243878627,0.00152205121921382,"11332/55526/3251/8930/55706/57122/9972/9631/23279/23165/23225/79023/10762/23636/4927/9688/5150/4860/5728/8480/81929/7374/26137",23
"426","blue","GO:0140056","organelle localization by membrane tethering","17/802","141/17913",0.000191759670587225,0.00182402167431166,0.00154009411549558,"983/55835/22995/55125/55722/79959/84131/84902/11116/115106/54801/93323/9657/54820/4751/5347/10733",17
"476","blue","GO:0001556","oocyte maturation","6/802","25/17913",0.00067347690299644,0.0057021099603042,0.00481451844539472,"283/6790/891/26271/9319/23318",6
"482","blue","GO:0061351","neural precursor cell proliferation","16/802","144/17913",0.000732050316759791,0.00613712521910697,0.00518181914673411,"259266/57650/1524/85440/8323/84678/9928/9833/54820/23595/8624/58155/29127/6240/79801/81853",16
"496","blue","GO:1905214","regulation of RNA binding","4/802","11/17913",0.00102233449768844,0.00832382223735216,0.00702813449353065,"3646/1981/2332/4686",4
"507","blue","GO:0090175","regulation of establishment of planar polarity","13/802","109/17913",0.00116583716383926,0.00928212808312261,0.00783727027009594,"8323/5683/5684/5686/5688/5695/5717/5718/10213/5708/5713/23198/89958",13
"513","brown","GO:0042110","T cell activation","121/712","443/17913",5.06031895336996e-68,2.31712004874811e-64,1.72583509567565e-64,"100/101/199/54518/10538/64919/151888/10385/11119/814/841/6363/6347/6352/729230/1236/911/912/914/939/29126/940/11314/915/917/920/9308/942/925/926/50856/26253/64581/11151/1540/1794/81704/2000/8320/2213/10875/2534/10457/2841/1880/84868/3109/3111/3113/3115/3383/29851/3620/3458/3594/3600/3606/8809/3553/3566/3574/3575/3659/3662/3683/3702/3718/120425/3902/27040/54900/3932/3936/51176/10288/4063/4067/9935/1326/4690/3071/4773/197358/114548/64127/5027/55824/5293/5294/26279/639/5588/5734/26191/5788/29108/5873/5880/64926/10125/387/399/9750/864/54440/64218/55423/84174/6778/6850/387357/201633/8764/7133/10673/944/7409/7412/11326/64115/6375",121
"526","brown","GO:0070661","leukocyte proliferation","69/712","270/17913",1.40667104230174e-36,4.60081907335692e-34,3.42677757673507e-34,"1636/100/199/472/695/10385/11119/6363/6352/6355/729230/912/29126/940/11314/952/920/11151/1435/1436/1794/81704/2000/2213/115352/2534/10457/1880/84868/3109/3113/3115/3620/22806/3594/3600/3606/3553/3574/3575/3635/3659/10288/7940/4067/4332/51237/4690/3071/4773/5027/5294/23228/5588/26191/5788/29108/5880/64926/54440/7128/7133/10673/944/7305/7412/11326/64115/6375",69
"535","brown","GO:0002446","neutrophil mediated immunity","87/712","499/17913",2.62983874842526e-32,5.15777512236796e-30,3.84160903816558e-30,"1636/51816/101/976/240/161/23526/64333/411/10396/718/719/728/929/11314/963/5199/1118/160364/8804/1508/1075/1512/1520/1522/1536/1794/79930/23071/2207/2212/2215/2219/10875/2268/2357/2517/11010/2760/9535/53831/2992/3074/3101/10855/84329/3683/3684/3687/3689/3903/10288/4033/4069/4125/4318/4332/9961/3071/10577/26578/51316/80301/5724/5788/29108/5873/326624/5906/5912/387/54509/8635/6386/6402/5265/1992/140885/6515/6518/6793/6850/374403/7097/340061/7133/7305",87
"538","brown","GO:0001819","positive regulation of cytokine production","81/712","446/17913",2.2099925975693e-31,3.8921369631807e-29,2.89893765835001e-29,"101/199/9447/330/718/719/728/22900/834/6363/729230/1236/929/914/29126/940/920/9308/942/26253/56253/1436/1536/1545/2207/2219/2268/115362/84868/3113/3115/3162/10855/3620/3428/3458/3495/3594/3600/3606/8809/3553/9466/3566/3570/3574/3659/3662/3394/3717/10288/120892/4050/4063/23643/4155/255231/4321/114548/64127/5027/5336/5588/5724/5734/26191/5788/29108/10125/54440/6772/6778/6850/201633/7096/7097/51284/51311/340061/7305/6375",81
"541","brown","GO:0002429","immune response-activating cell surface receptor signaling pathway","75/712","399/17913",4.1902686331896e-30,6.61628967978454e-28,4.92793842886907e-28,"100/695/10385/11119/719/728/1236/919/11314/952/915/917/920/10462/50856/26253/26999/1540/9844/2207/2212/2213/2219/115352/2268/2533/2534/2633/3055/3113/3115/3119/3120/3122/3385/3514/3537/28823/3635/3702/89857/27040/7462/54900/3932/3937/9404/4067/4332/4690/3071/4773/55824/5079/5293/5336/23228/5579/5583/5588/26191/5788/79037/5906/23180/8631/84174/6850/387357/9473/28755/50852/28639/7409/7456",75
"552","brown","GO:0050663","cytokine secretion","50/712","230/17913",2.69419980745107e-23,3.08418522957961e-21,2.2971598358267e-21,"199/9447/10385/11119/114769/22900/834/6363/1236/929/914/29126/26253/56253/1436/8291/2213/2219/2268/2633/115362/84868/3495/3553/7850/9466/3566/3937/120892/4067/4155/255231/4321/58484/114548/64127/5027/5734/26191/29108/10125/1992/5552/6850/7096/7097/51311/7114/7128/7133",50
"576","brown","GO:0002237","response to molecule of bacterial origin","52/712","309/17913",6.58570187382409e-19,4.71186388753758e-17,3.50948586697205e-17,"54/728/114769/22900/834/841/6347/6352/1234/1236/929/4064/10225/1439/3627/2213/2643/84868/3055/3383/3620/3587/3606/3553/3656/3394/3717/10288/9450/23643/4067/4360/4792/114548/64127/10062/5027/5336/5724/5734/26191/29108/387/6197/6401/140885/7096/7097/7128/7133/85363/7412",52
"620","brown","GO:2000106","regulation of leukocyte apoptotic process","23/712","82/17913",6.21895074363154e-14,2.63671994954526e-12,1.96387918219943e-12,"100/101/695/6363/6352/1234/1236/939/29126/917/81704/2207/155038/3059/3620/3575/3718/4067/10461/64127/5027/5293/5588",23
"625","brown","GO:0002791","regulation of peptide secretion","57/712","483/17913",1.68978770502659e-13,6.84737867373164e-12,5.10005790804485e-12,"101/199/9447/348/10385/114769/22900/834/6363/6352/1236/929/914/29126/952/26253/56253/1436/2213/2219/2268/2633/84868/3458/3495/3553/7850/9466/3566/3717/120892/4067/4155/4321/114548/64127/10062/5027/23178/5734/26191/29108/51762/5906/10125/10802/1992/5552/6810/6850/7096/7097/51311/7114/7128/7133/7351",57
"665","brown","GO:0042108","positive regulation of cytokine biosynthetic process","18/712","63/17913",2.39727038600458e-11,7.17457588072874e-10,5.34376061276563e-10,"729230/940/920/942/1536/3162/3553/3659/3662/4050/5588/5724/5788/6850/7096/51284/51311/7305",18
"675","brown","GO:0150076","neuroinflammatory response","19/712","76/17913",8.74568053242919e-11,2.45683872134928e-09,1.82990022118635e-09,"199/472/712/728/8530/1075/3458/3606/3553/3684/3689/120892/4318/5788/7097/51284/51311/7133/7305",19
"701","brown","GO:0048872","homeostasis of number of cells","33/712","241/17913",5.44052033477849e-10,1.318102783754e-08,9.81748030335968e-09,"100/729230/1236/11151/1435/1540/55619/2113/2207/1880/3059/3162/10320/3574/3575/3635/3717/3718/27040/3988/4067/9935/10461/3071/5027/5293/9770/54440/10019/6772/7128/608/10673",33
"706","brown","GO:0061900","glial cell activation","16/712","59/17913",7.30080028924862e-10,1.72321466620976e-08,1.2834830676704e-08,"199/472/712/728/8530/1075/3458/3553/3684/3689/120892/5788/7097/51284/51311/7305",16
"733","brown","GO:0008360","regulation of cell shape","22/712","124/17913",3.38528050058337e-09,7.01411738107297e-08,5.22424806948803e-08,"116985/93663/6357/6347/56990/11151/1436/1605/2035/2242/221472/89846/2268/2534/3055/3074/3383/3689/7940/51177/64218/10507",22
"741","brown","GO:0032418","lysosome localization","16/712","67/17913",5.55662840193445e-09,1.11108303285842e-07,8.27555781303959e-08,"30817/695/11314/8832/2207/2242/2268/3162/3566/27040/7462/4067/5293/5294/5880/10125",16
"761","brown","GO:0055074","calcium ion homeostasis","41/712","388/17913",1.24093709804662e-08,2.28202850279336e-07,1.69969824462949e-07,"348/719/6357/6363/6352/6355/1230/729230/1234/1236/952/920/1043/1193/11151/3627/6373/10563/4283/10800/54757/2534/2769/9446/9709/3074/3717/3932/4067/255231/55013/5026/5027/5294/5336/5579/5788/6546/29887/7052/6375",41
"791","brown","GO:0099024","plasma membrane invagination","13/712","50/17913",5.05003676534906e-08,8.28821446183991e-07,6.17321981502771e-07,"199/9938/718/11314/9844/2207/2213/3684/3689/8685/4481/3071/387",13
"802","brown","GO:0150077","regulation of neuroinflammatory response","13/712","51/17913",6.53335282974529e-08,1.03159388301392e-06,7.68350750213239e-07,"472/712/728/8530/1075/3606/3553/3684/3689/120892/4318/5788/7133",13
"864","brown","GO:0030168","platelet activation","21/712","152/17913",6.4745931179271e-07,8.42248917243982e-06,6.27323017406812e-06,"348/409/2207/83706/2534/2769/3932/3937/4067/10461/5294/23533/5336/5341/5579/5583/5588/5912/10019/6850/7409",21
"876","brown","GO:0072593","reactive oxygen species metabolic process","29/712","269/17913",1.13265695502801e-06,1.42484510908606e-05,1.06125174502335e-05,"54/199/8837/1536/1545/2534/2643/2876/3383/3458/3553/3684/3689/3717/120892/4688/4780/375387/5027/5873/5880/387/140885/6648/9263/6850/7097/7305/7409",29
"897","brown","GO:1901136","carbohydrate derivative catabolic process","22/712","176/17913",1.97879943229854e-06,2.35348638973896e-05,1.75292143831777e-05,"100/51816/313/60489/411/1118/1806/26270/2517/2760/3073/3074/10855/3423/4245/4321/4668/55577/80896/25939/9672/7378",22
"956","brown","GO:0051770","positive regulation of nitric-oxide synthase biosynthetic process","6/712","14/17913",8.81999711872396e-06,9.07567793407574e-05,6.7597375906956e-05,"6347/3717/120892/64127/6772/7097",6
"982","brown","GO:0009612","response to mechanical stimulus","22/712","200/17913",1.59590976099018e-05,0.000155482357352639,0.000115806217818772,"834/841/3627/7852/1605/2113/355/2534/3553/3659/3759/9020/4792/5027/5734/387/9750/6507/6546/6772/51284/51311",22
"993","brown","GO:0098883","synapse pruning","5/712","10/17913",2.0872964101246e-05,0.00019870541085157,0.000147999570386337,"712/713/714/718/3684",5
"1011","brown","GO:0150078","positive regulation of neuroinflammatory response","7/712","24/17913",2.91301357383172e-05,0.000267308399891292,0.0001990963817997,"712/1075/3606/3553/3684/3689/120892",7
"1064","brown","GO:0051098","regulation of binding","31/712","368/17913",7.23244193615625e-05,0.000599952022203976,0.000446855680265947,"1636/348/409/114769/1193/1488/1522/1540/2035/3001/9709/3162/3428/3458/3662/3717/51176/120892/4242/4318/4792/11040/23228/5792/9750/6672/6789/147138/340061/7114/165904",31
"1074","brown","GO:0031334","positive regulation of protein complex assembly","23/712","239/17913",8.60016635519858e-05,0.000700714621716269,0.000521905581398078,"9447/472/274/1236/11151/10563/1643/9873/2242/115362/3055/3383/3458/3512/3936/4690/3071/5341/29108/387/8631/129293/7453",23
"1106","brown","GO:1905517","macrophage migration","9/712","50/17913",0.000136594468944893,0.00105297318737149,0.000784274462841488,"719/728/6347/6352/729230/1240/1435/255231/56833",9
"1130","brown","GO:0106106","cold-induced thermogenesis","16/712","143/17913",0.000182728407223624,0.00135171789447007,0.00100678520432708,"729230/1240/7852/3600/3606/8809/3566/3662/3717/10062/51316/23228/6778/6850/51393/7351",16
"1131","brown","GO:0120161","regulation of cold-induced thermogenesis","16/712","143/17913",0.000182728407223624,0.00135171789447007,0.00100678520432708,"729230/1240/7852/3600/3606/8809/3566/3662/3717/10062/51316/23228/6778/6850/51393/7351",16
"1145","brown","GO:0009636","response to toxic substance","37/712","499/17913",0.000213800032374876,0.00154414881426587,0.00115011141440246,"100/113/241/348/670/841/6351/6352/929/939/1193/1536/1545/2113/2534/2643/2876/9446/119391/3162/3383/26034/120892/4067/4155/4780/55607/5742/387/140885/6546/6648/6772/6778/7097/7128/7412",37
"1150","brown","GO:0140253","cell-cell fusion","9/712","53/17913",0.000217255753894063,0.00155851463733478,0.00116081135273496,"963/8837/3627/4283/3566/4773/51177/9750/7305",9
"1160","brown","GO:1904645","response to amyloid-beta","9/712","54/17913",0.000251643467222436,0.00177820283396841,0.00132443930117071,"837/2213/2534/3383/5641/4321/4318/58533/7412",9
"1206","brown","GO:0120162","positive regulation of cold-induced thermogenesis","12/712","97/17913",0.000457761320122853,0.00302030127498926,0.00224957785105118,"729230/1240/7852/3606/3566/3662/3717/51316/6778/6850/51393/7351",12
"1256","brown","GO:0140131","positive regulation of lymphocyte chemotaxis","5/712","19/17913",0.00071461927423316,0.0043981742697764,0.003275843871697,"6351/6352/729230/10563/6375",5
"1272","brown","GO:0019835","cytolysis","7/712","40/17913",0.000902558177403443,0.00543791301885575,0.0040502610731124,"8542/3001/3002/2999/4069/5027/5551",7
"1277","brown","GO:1905523","positive regulation of macrophage migration","5/712","20/17913",0.000921903604803718,0.00551816549855716,0.00411003464680296,"719/728/6352/1240/1435",5
"1304","brown","GO:0009313","oligosaccharide catabolic process","4/712","13/17913",0.00132770349924758,0.00762804808413386,0.00568151533720157,"1486/2760/3074/4125",4
"1330","brown","GO:0046488","phosphatidylinositol metabolic process","15/712","159/17913",0.0017088711845624,0.00956591828130958,0.00712487792817164,"472/1436/3628/3631/3635/5293/5294/23533/200576/26279/79887/5336/5341/59339/8867",15
"1345","greenyellow","GO:0009615","response to virus","34/50","323/17913",3.30545234171469e-48,2.14193311743112e-45,1.57617885347027e-45,"684/23586/55601/79132/151636/5610/51191/3429/10561/10964/2537/64135/3434/3433/3437/24138/8519/10581/10410/3665/10379/9636/4277/4599/4600/51251/4938/4939/4940/8638/83666/5359/91543/64108",34
"1347","greenyellow","GO:0060337","type I interferon signaling pathway","22/50","91/17913",1.72491130692473e-38,2.79435631721806e-36,2.05627584746553e-36,"684/3429/3430/2537/3434/3433/3437/8519/10581/10410/3665/10379/9636/4599/4600/4938/4939/4940/8638/91543/11274/54739",22
"1348","greenyellow","GO:0071357","cellular response to type I interferon","22/50","91/17913",1.72491130692473e-38,2.79435631721806e-36,2.05627584746553e-36,"684/3429/3430/2537/3434/3433/3437/8519/10581/10410/3665/10379/9636/4599/4600/4938/4939/4940/8638/91543/11274/54739",22
"1351","greenyellow","GO:0043900","regulation of multi-organism process","24/50","408/17913",1.36922720942987e-26,1.26751318815794e-24,9.327216930402e-25,"684/23586/55601/79132/151636/5610/51191/3429/3434/24138/8519/10581/10410/9636/4277/4599/4938/4940/8638/10133/83666/5359/91543/9830",24
"1366","greenyellow","GO:0032480","negative regulation of type I interferon production","7/50","46/17913",4.19928162506605e-11,1.23687931501945e-09,9.10179223040632e-10,"23586/79132/51191/64135/9636/9111/9246",7
"1377","greenyellow","GO:0002697","regulation of immune effector process","10/50","441/17913",3.14410619677207e-07,6.17388125911607e-06,4.54315823648405e-06,"684/23586/55601/79132/151636/51191/3434/4277/83666/91543",10
"1388","greenyellow","GO:0071360","cellular response to exogenous dsRNA","3/50","17/17913",1.35366828701156e-05,0.000199358420450794,0.00014670137177422,"23586/64135/3434",3
"1396","greenyellow","GO:0006471","protein ADP-ribosylation","3/50","30/17913",7.87818127094053e-05,0.000945381752512864,0.000695675656088901,"64761/54625/83666",3
"1400","greenyellow","GO:0000209","protein polyubiquitination","6/50","288/17913",0.000143808225409244,0.00166406660830696,0.00122453244568397,"151636/51191/55008/3429/9111/57674",6
"1409","greenyellow","GO:0002730","regulation of dendritic cell cytokine production","2/50","11/17913",0.000413268191280257,0.0040575422416607,0.00298581324800568,"684/23586",2
"1414","greenyellow","GO:0035563","positive regulation of chromatin binding","2/50","13/17913",0.00058400069982926,0.00533003455618818,0.00392219891805271,"151636/83666",2
"1415","greenyellow","GO:2001034","positive regulation of double-strand break repair via nonhomologous end joining","2/50","13/17913",0.00058400069982926,0.00533003455618818,0.00392219891805271,"151636/83666",2
"1419","greenyellow","GO:1904469","positive regulation of tumor necrosis factor secretion","2/50","18/17913",0.00113536728242515,0.00980957332015329,0.00721854566931358,"23586/64135",2
"1420","grey","GO:0009150","purine ribonucleotide metabolic process","188/3676","500/17913",3.84729084484322e-19,2.34261539542504e-15,2.04473383953825e-15,"84836/31/84320/47/55856/122970/23597/80221/2181/2182/84532/108/112/115/132/122622/203/50808/205/226/230/271/272/353/471/481/506/513/93974/516/517/521/10632/10476/539/523/134145/572/637/669/10380/8573/863/400916/80347/1355/4513/1329/1337/1340/1349/1351/1537/1622/54541/8694/1738/1739/29103/10059/79631/3692/6785/79993/2023/2026/5167/1969/55711/2194/221937/3607/2597/51292/137964/10243/2821/2982/2987/201562/3091/3098/3099/3156/51144/3295/7923/54928/3614/3615/3643/339123/8942/55669/55034/4338/51660/25874/65220/4536/4541/4694/4705/126328/4695/4696/4700/4701/4702/51103/4707/4716/54539/4710/4711/4715/4720/4722/374291/4723/4729/4731/9054/2631/4832/4833/10201/29922/4882/53343/129401/53371/9818/79902/4928/26471/29789/54995/79646/55229/5142/5152/8050/5165/54704/55066/5198/5208/5213/5230/5236/283209/65018/10654/10891/5538/5563/5571/5744/51715/5901/6319/79966/54949/6576/79085/84275/1836/51000/6774/30968/6817/6834/9524/79736/117145/57103/9414/7157/7167/7175/706/790955/29796/10975/7386/27089/7415",188
"1421","grey","GO:0051188","cofactor biosynthetic process","120/3676","310/17913",1.04548045958421e-13,2.34555358312081e-10,2.04729841408182e-10,"10058/31/47/2181/2182/84532/226/230/471/93974/56898/669/863/55748/80347/84274/56997/1355/4513/1371/54541/1719/200895/1738/3692/6785/79993/2023/2026/2194/2235/80308/221937/3607/2597/2730/79017/124975/10243/2821/2937/201562/3029/3091/3098/3099/3145/51144/7923/200205/3418/3643/339123/8564/8942/11019/4129/4199/4258/166785/326625/27249/55034/4338/51660/25874/65220/10135/93100/55739/128240/4779/9054/349565/54981/129401/53371/9818/79902/4928/26471/26873/79646/55229/5092/8050/5165/54704/55066/57107/5208/5213/5230/5236/283209/10891/5498/5538/5563/5571/5743/5805/23475/55328/6319/79966/4891/6576/54977/6647/6697/6774/9524/57103/51522/7157/7167/7175/706/7390",120
"1423","grey","GO:0007005","mitochondrion organization","163/3676","466/17913",1.54084649901186e-13,2.34555358312081e-10,2.04729841408182e-10,"10449/57211/23287/207/10000/84266/10425/506/513/93974/516/517/521/10632/10476/539/572/9531/9530/8314/10018/8678/637/638/664/808/57805/11140/1020/400916/131474/27141/493856/1191/55744/28958/116228/1459/2017/23259/131118/10059/6993/51295/2139/26355/79072/25793/55294/154791/139341/7855/2553/2730/79017/2932/10456/23593/3091/9026/3099/27429/83943/3954/3980/4000/9361/5599/54708/2011/4205/55669/92667/79778/10962/4358/55154/130916/9650/4536/4541/4694/4705/126328/4695/4696/4700/4701/4702/51103/91942/25915/284184/4707/4716/54539/4710/4711/4715/4720/4722/374291/4723/4729/4731/5819/2631/4836/8996/9520/5018/5245/65018/10531/5329/5442/10891/5516/5533/10935/8934/23682/10193/10055/25813/9997/135154/84275/55186/291/293/54978/57154/8878/6720/6774/30968/6834/7019/51106/117145/57103/26519/26517/29090/29928/90580/92609/55863/8743/7157/51499/7249/706/54902/7323/7332/59286/790955/57602/10493/57539/7533",163
"1432","grey","GO:0006914","autophagy","161/3676","471/17913",1.89211918559016e-12,8.22936694361321e-10,7.1829396752216e-10,"25/91452/207/60673/79065/93974/533/527/9114/155066/523/528/51382/90423/9550/51606/572/9531/10018/8678/664/203228/10241/823/826/836/11140/1020/27243/128866/493856/1201/1191/1459/1460/5476/2017/1611/1612/1649/207063/10059/140735/2033/2081/84141/149371/25793/55294/221937/3607/2309/139341/7855/2597/2801/2932/10456/9146/3091/3099/3315/27429/3920/28956/8649/389541/55201/6885/5599/2011/4233/55669/256471/64223/23255/93343/10135/4864/29982/26471/5289/5290/5291/5296/65018/5305/8396/9373/10769/10891/5563/5565/5571/5663/5747/201475/81876/51715/53917/116442/4218/9821/10193/10670/10325/64121/9711/6279/6280/81846/23256/9554/140775/57154/9342/11267/9517/8878/6714/6720/6774/10273/55014/6829/23118/257397/57533/29110/25851/9895/57103/10548/7157/58476/53373/57761/10206/7249/706/56893/8408/9706/9100/57602/7405/8673/7415/23230/57617/84313/51160/65082/79720/738/51534/55255/11152/56270/55062/55432",161
"1433","grey","GO:0061919","process utilizing autophagic mechanism","161/3676","471/17913",1.89211918559016e-12,8.22936694361321e-10,7.1829396752216e-10,"25/91452/207/60673/79065/93974/533/527/9114/155066/523/528/51382/90423/9550/51606/572/9531/10018/8678/664/203228/10241/823/826/836/11140/1020/27243/128866/493856/1201/1191/1459/1460/5476/2017/1611/1612/1649/207063/10059/140735/2033/2081/84141/149371/25793/55294/221937/3607/2309/139341/7855/2597/2801/2932/10456/9146/3091/3099/3315/27429/3920/28956/8649/389541/55201/6885/5599/2011/4233/55669/256471/64223/23255/93343/10135/4864/29982/26471/5289/5290/5291/5296/65018/5305/8396/9373/10769/10891/5563/5565/5571/5663/5747/201475/81876/51715/53917/116442/4218/9821/10193/10670/10325/64121/9711/6279/6280/81846/23256/9554/140775/57154/9342/11267/9517/8878/6714/6720/6774/10273/55014/6829/23118/257397/57533/29110/25851/9895/57103/10548/7157/58476/53373/57761/10206/7249/706/56893/8408/9706/9100/57602/7405/8673/7415/23230/57617/84313/51160/65082/79720/738/51534/55255/11152/56270/55062/55432",161
"1436","grey","GO:0140053","mitochondrial gene expression","66/3676","148/17913",3.08390701027581e-11,1.10458292856291e-08,9.64126717949386e-09,"54998/118487/400916/28958/124454/22868/79072/2309/85476/65008/124995/65003/6182/64928/63875/29074/51069/219927/29093/79590/51264/64983/9553/64981/64979/51253/64978/54148/51073/64975/28977/84311/740/54534/122704/128308/78988/3396/65005/64960/51021/51116/51649/64949/28957/10884/10240/51650/65993/51081/92170/26164/4528/4701/51335/5018/5442/55278/84275/79736/7019/57570/55006/51095/26995/51067",66
"1439","grey","GO:0070125","mitochondrial translational elongation","45/3676","86/17913",6.2897872597772e-11,1.91492573123917e-08,1.67142820392711e-08,"54998/118487/85476/65008/124995/65003/6182/64928/63875/29074/51069/219927/29093/79590/51264/64983/9553/64981/64979/51253/64978/54148/51073/64975/28977/84311/740/54534/122704/128308/78988/3396/65005/64960/51021/51116/51649/64949/28957/10884/10240/51650/65993/51081/5018",45
"1446","grey","GO:0072594","establishment of protein localization to organelle","149/3676","452/17913",2.56185556265859e-10,5.77745871149191e-08,5.04281042333849e-08,"30/122970/51/8310/183/207/284/26985/55198/10425/406/93974/572/9531/9530/8314/10018/637/652/808/868/7203/1026/131474/128866/11261/1191/1459/1649/26063/55929/131118/1891/2053/25793/55294/2254/7855/8443/373156/26061/10456/9146/51501/3098/3099/3295/3309/27429/3416/55764/83943/9670/79711/3843/3728/3839/3920/4000/5599/57506/8720/5469/79778/4358/130916/4836/9520/390916/53371/9818/10204/5189/5194/5828/8504/5830/5190/5191/5264/5296/65018/10531/5371/25913/5514/5530/5533/144165/5580/5663/5743/8766/51715/5901/84268/6135/6141/6143/6157/6159/6160/11224/6165/6181/6205/6209/6229/6230/6233/6193/10856/10055/25813/29927/7095/11231/10736/293/4088/57154/64089/6653/23514/6720/6727/6729/6734/6747/6774/7013/26519/26517/29090/29928/90580/7157/7175/133022/10155/7249/706/7321/7323/7332/59286/57602/51160/7533",149
"1447","grey","GO:0010506","regulation of autophagy","112/3676","314/17913",2.66070831127342e-10,5.78609032405138e-08,5.05034446000733e-08,"25/207/60673/93974/533/527/9114/155066/523/528/51382/90423/9550/51606/572/9531/10018/8678/664/203228/10241/823/826/836/11140/1020/128866/493856/1459/5476/2017/1611/1612/1649/207063/10059/2033/2081/149371/25793/55294/221937/3607/2309/7855/2597/2801/2932/10456/3091/3099/3315/27429/28956/8649/389541/6885/5599/4233/256471/64223/23255/10135/4864/26471/5290/5291/5296/65018/5305/8396/10769/5563/5565/5571/5747/201475/81876/116442/4218/9821/10193/10670/10325/64121/9711/23256/9554/140775/57154/9517/6720/6774/6829/23118/257397/57533/29110/57103/7157/58476/53373/57761/10206/7249/706/56893/8408/9100/57602/7405/55255",112
"1457","grey","GO:0006839","mitochondrial transport","84/3676","224/17913",3.06504196363635e-09,4.91132645173203e-07,4.28681353861494e-07,"10449/31/84266/10425/506/513/93974/516/517/521/10632/10476/539/134145/572/9531/9530/8314/10018/637/664/400916/131474/1374/1459/131118/6993/2139/25793/55294/7855/2932/10456/23593/9026/3099/27429/83943/26128/3954/5599/79778/10367/58526/29074/57380/130916/4836/8996/9520/65018/10531/5533/5563/5565/5663/5664/10055/25813/118980/1468/79085/84275/293/54978/91689/6720/6774/30968/117145/26519/26517/29090/29928/90580/51522/7157/706/7263/7323/7332/59286/57602/7533",84
"1466","grey","GO:0035967","cellular response to topologically incorrect protein","56/3676","135/17913",2.28475589813903e-08,2.95997418378054e-06,2.58359071213974e-06,"37/55738/467/22926/9114/4287/9531/7917/10018/51283/811/595/80279/153222/10106/3576/1616/1649/79139/5611/9695/9451/2033/2081/30001/2135/2673/3297/7184/3309/10525/11015/80311/4000/8720/51360/10130/23645/5770/84236/23753/55829/6464/6734/58477/6745/10273/9797/26608/51768/55284/9217/7415/55062/10897/55432",56
"1503","grey","GO:0031647","regulation of protein stability","89/3676","272/17913",1.42603919911537e-06,0.000102323476161924,8.93122595779369e-05,"54840/444/55729/481/9334/9532/9531/7917/650/811/825/836/57805/7203/1022/1026/55602/11261/1191/54918/83548/91949/1387/1389/1410/5476/79139/54344/1857/2033/11170/26272/25793/55294/10211/2319/2597/23163/51125/2896/3092/9026/3326/3845/3920/4000/4047/4193/79612/56926/23327/51701/5828/5190/5216/5245/5292/65018/10891/5479/5580/8575/5621/55278/5886/79589/11236/284996/6135/60485/59343/6477/4088/4092/6714/6720/6788/10273/10910/10474/6907/84897/79155/7157/54765/57602/58525/84327/125150",89
"1536","grey","GO:0043312","neutrophil degranulation","139/3676","485/17913",9.52730528407945e-06,0.000495827024570596,0.000432778806831463,"30/47/55860/175/178/226/230/272/290/306/8907/317/327/353/410/23250/23200/527/51382/2683/613/25798/51719/51806/55832/124583/823/960/965/966/634/10970/23601/54918/29099/8904/8895/10321/1460/1476/5476/1509/84418/1650/1654/8560/51071/8694/1729/5611/80331/29952/51143/6993/1938/23197/2444/2548/2588/25801/84514/2717/51125/2821/2896/79792/2950/2990/23593/138050/3326/3310/3608/3614/3615/3728/3920/28956/8649/3934/4048/4057/4126/199675/4257/4282/9761/93100/4758/56954/4893/10562/4973/5236/55276/10857/5329/5337/10549/9588/5580/5663/5702/5719/5709/5795/5806/25797/51552/22931/53917/5869/51209/57826/6282/6278/6279/6280/6286/12/5269/57153/6590/9342/6727/114790/6836/9145/6947/11322/9725/7130/10043/81619/203068/8673/10493/7414/7415",139
"1541","grey","GO:0002446","neutrophil mediated immunity","142/3676","499/17913",1.14521161210062e-05,0.00056196047583584,0.000490502881381465,"30/47/55860/175/178/226/230/272/290/306/8907/317/327/353/410/23250/23200/527/51382/2683/613/25798/51719/51806/55832/124583/823/960/965/966/634/10970/23601/54918/29099/8904/8895/10321/1460/1476/5476/1509/84418/1650/1654/8560/51071/8694/1729/5611/80331/29952/51143/6993/1938/2150/23197/2444/2548/2588/25801/84514/2717/51125/2821/2896/79792/2950/2990/23593/138050/3326/3310/3608/3614/3615/84522/3728/55904/3920/28956/8649/3934/4048/4057/4126/199675/4257/4282/9761/93100/4758/56954/4893/10562/4973/5236/55276/10857/5329/5337/10549/9588/5580/5663/5702/5719/5709/5795/5806/25797/51552/22931/53917/5869/51209/57826/6282/6278/6279/6280/6286/12/5269/57153/6590/9342/6727/114790/6836/9145/6947/11322/9725/7130/10043/81619/203068/8673/10493/7414/7415",142
"1547","grey","GO:0106118","regulation of sterol biosynthetic process","24/3676","50/17913",1.26593963047953e-05,0.000597716829817445,0.00052171254008493,"31/1717/2194/2222/2224/9453/3156/3157/3422/4047/8720/51360/4802/10654/5447/5901/6309/22937/6319/23541/6647/6713/6720/7108",24
"1552","grey","GO:0062012","regulation of small molecule metabolic process","127/3676","439/17913",1.40180036042702e-05,0.000641771608619559,0.000560165415100596,"31/37/51094/79602/207/55198/10776/64801/93974/134145/51582/572/650/672/863/51293/634/1196/171425/1353/4513/1374/54541/1609/1717/29103/10059/8445/1950/3692/2023/5167/2033/2053/60343/10447/2194/2222/2224/221937/3607/9453/2932/3091/3156/3157/3422/3486/3638/51141/3643/8660/339123/51451/3949/9926/4047/8720/51360/4199/58526/90007/10499/9612/4779/4802/129401/53371/9818/79902/4928/26471/51686/5165/54704/55066/5208/283871/5261/7262/10464/65018/10654/5447/10891/5499/5500/5509/5563/5565/5571/5691/5693/5702/5704/5705/5719/5709/5710/5711/5714/10197/5743/5901/9104/6309/22937/6319/57001/23541/55829/79085/84275/84912/6647/6713/6714/6720/6774/57103/7108/7157/7175/57761/706/7415/7421",127
"1587","grey","GO:0198738","cell-cell signaling by wnt","139/3676","500/17913",4.89602121852417e-05,0.00177451626188058,0.00154887287796545,"25/192670/154810/22881/163/1173/147495/351/406/527/25805/650/65981/57805/595/219771/998/1000/1952/1453/1454/53944/1459/1460/1499/56998/1501/9646/1649/1654/22943/1857/1950/9679/2254/2263/2348/2309/10023/2487/11211/7976/7855/54994/2239/51704/2887/57822/2932/3485/27130/3728/23189/7403/59349/83999/55366/59352/4038/4040/84445/23499/10459/6885/4139/2011/8932/4192/9968/4300/4343/4772/51701/27031/441478/5216/5499/5515/5518/5530/144165/5563/5663/5691/5693/5702/5704/5705/5719/5709/5710/5711/5714/10197/25930/5800/81847/54894/4919/6233/10856/6259/55681/54949/59343/6478/4088/57154/64750/10927/6714/6788/6801/6907/7074/7088/7089/169200/23043/8658/27327/54795/25987/23554/55031/81839/7415/51699/80349/11197/7481/7474/81029/51741/25937/84327/10009/84133/54764",139
"1607","grey","GO:0043281","regulation of cysteine-type endopeptidase activity involved in apoptotic process","63/3676","196/17913",8.34849654837995e-05,0.00270393592995136,0.00236010969052466,"9131/207/317/23204/572/10134/10018/83596/23786/27018/79886/960/1410/1509/1611/1612/1654/1718/10049/112399/9451/8772/26355/23151/3092/9026/3297/27429/55081/3476/4193/4255/64780/4824/55655/8996/10016/5329/5371/5447/9647/10935/25824/5743/5894/6091/6195/6279/6280/29843/6478/4088/6714/7021/8797/8795/8743/9966/51499/55031/7415/57539/7498",63
"1612","grey","GO:0032869","cellular response to insulin stimulus","63/3676","197/17913",9.84856690050025e-05,0.00310714631384176,0.00271204877450918,"51094/183/207/55198/353/537/50617/533/527/9114/155066/523/528/51382/90423/9296/9550/51606/9847/896/1019/634/55667/1978/5167/54206/2303/80318/2771/2805/2887/2888/2950/10014/9734/3416/3643/8660/23189/57727/5170/55023/5290/5296/5580/5590/5770/5786/4218/55829/10603/6464/84275/30837/6654/6714/6715/6720/6430/94056/9882/57761/7249",63
"1626","grey","GO:0010038","response to metal ion","97/3676","335/17913",0.000133079852018172,0.00391460492240894,0.00341683281383041,"10768/207/288/351/360/200894/513/572/8678/664/673/682/760/27101/808/811/825/836/595/1019/1027/9076/25932/8904/8895/1371/1373/1396/120227/728294/1616/1788/1906/9451/2021/2067/2521/2539/2664/2805/10243/2937/3091/9456/3297/3309/3398/3485/3707/27345/3861/9361/4129/5599/5601/4193/4205/4493/4494/4495/4496/4501/4502/10397/23327/4779/4864/4521/4968/5025/5066/10016/553115/10891/5499/5515/5516/5530/5563/5621/9536/5743/5860/6284/140576/6279/4891/79085/6647/57103/4982/706/7323/7390/7474/7518/26149",97
"1635","grey","GO:0001738","morphogenesis of a polarized epithelium","47/3676","139/17913",0.000170623067038902,0.00480983266296239,0.00419822546529931,"25/54806/22881/163/1173/23245/998/1952/65250/22943/9231/1857/2295/7976/7855/2239/57822/284217/3911/9968/4300/27031/5048/5216/144165/5691/5693/5702/5704/5705/5719/5709/5710/5711/5714/10197/4919/23322/6259/57154/64750/163183/7074/81839/7481/7474/84133",47
"1645","grey","GO:0051098","regulation of binding","104/3676","368/17913",0.000214598889787818,0.00576995504770048,0.00503626090808096,"25/23394/207/64400/284/351/8874/9532/25805/650/652/9044/203228/808/65981/1020/1025/50937/8904/1454/1460/1499/56998/1649/65992/79139/22943/84062/22873/8721/1950/8664/9775/2033/55294/2280/10211/2801/2932/2962/3005/10014/3280/23493/9026/28996/79618/3200/3297/3326/3309/3673/23641/3976/4043/10459/5599/2011/8932/4221/56257/4233/10763/64855/25836/4824/5092/7262/5329/10769/5499/5515/5516/5530/5580/5663/5901/5986/6135/51773/10856/6281/59343/6590/4088/4089/6604/6653/6714/6717/6788/10273/94056/6881/7074/8658/9618/57761/10155/146057/7474/201501/57343/51042",104
"1647","grey","GO:0042254","ribosome biogenesis","63/3676","202/17913",0.00021740886109743,0.00580615155799233,0.00506785475383621,"154743/114049/705/8451/1654/54555/11056/54606/22907/27292/22894/79631/9775/3692/90459/54512/118460/23016/22868/117246/404672/55272/11103/10200/124995/51116/130916/26164/92345/55651/28987/79050/65083/55035/23481/5901/79863/401466/8780/84864/6135/6165/6209/6229/54700/55153/26168/55164/10607/51106/51504/55006/115939/57602/84135/51096/84294/57050/57418/23160/22803/54059/26149",63
"1651","grey","GO:0032259","methylation","96/3676","336/17913",0.000242294638062171,0.00635918987569206,0.00555056999807577,"191/51742/57412/8623/55729/134145/26053/54880/154743/672/114049/26097/118881/55352/84274/1499/9646/27292/55929/1788/51611/25895/51603/79813/65990/25940/24140/117246/2653/2778/2935/3006/23081/7403/9757/58508/8085/55904/387893/51111/51451/9836/4000/8932/53615/4221/56257/151194/124512/55798/56339/29081/196410/79828/4255/4302/54737/130916/4552/29104/64855/54904/79730/5110/115294/5290/143689/56980/3275/10419/55170/83640/6304/55209/133383/9869/6419/4089/6598/64754/6634/6830/11022/54790/10155/51504/57570/55006/79609/25962/80349/7490/9589/23091/10782/57343",96
"1658","grey","GO:1905668","positive regulation of protein localization to endosome","8/3676","11/17913",0.00028275976071871,0.00719824652206897,0.00628293414179603,"81926/51104/58489/1950/7430/5962/9475/6653",8
"1662","grey","GO:0051348","negative regulation of transferase activity","80/3676","272/17913",0.000288973971864133,0.00722037406427261,0.0063022479969077,"25/104/84962/207/84335/9532/652/836/80279/1026/1027/1031/634/11261/10519/1353/285464/1445/5611/84062/11221/11072/80824/56940/1846/1849/54206/25793/1647/79893/2873/2874/2932/2950/10614/3156/3315/3843/10527/8660/4040/10459/51562/4221/90007/152559/5170/29085/25913/9647/84152/5515/5518/5525/10935/5576/5580/5663/5753/5770/5795/9104/5997/6135/9711/4092/140775/64754/9655/6653/6714/51347/7013/7157/10221/28951/57761/7249/84313/25937",80
"1676","grey","GO:0043153","entrainment of circadian clock by photoperiod","11/3676","19/17913",0.000389116446493051,0.0091834497778922,0.00801570354281279,"8553/3398/9112/2063/5371/5499/5500/5501/5936/83759/7157",11
"1680","pink","GO:0030198","extracellular matrix organization","59/202","334/17913",2.91350355829996e-54,7.51392567685561e-51,6.25636553571782e-51,"8038/9509/165/84168/633/3491/1490/1300/1301/1303/1307/80781/1277/1278/1281/1282/1284/1289/1290/50509/1291/1292/1293/1295/1296/1311/90993/30008/11117/2191/2200/2335/2621/26585/5654/22801/3678/3693/3912/3913/4015/4016/4017/4148/4320/4322/4325/4313/4811/22795/10630/7837/5054/9644/6678/23213/55959/7057/1462",59
"1683","pink","GO:0031589","cell-substrate adhesion","28/202","322/17913",4.13327646813797e-17,2.66493000283196e-14,2.21891684078986e-14,"81792/84168/3491/1490/1307/1277/1281/50509/1295/10085/11117/2335/2621/26585/22801/3678/3693/3912/3956/4811/22795/10630/5328/10631/5054/6695/7057/7070",28
"1684","pink","GO:0032963","collagen metabolic process","18/202","102/17913",7.99562825508183e-17,4.12414505397121e-14,3.43391192428778e-14,"9509/1490/1277/1278/1289/90993/11117/2191/4320/4322/4313/9902/64175/10536/5159/57333/7043/9697",18
"1685","pink","GO:0035987","endodermal cell differentiation","13/202","45/17913",1.71961934599884e-15,7.39149715555168e-13,6.15442713304848e-13,"1301/1303/1284/1289/1290/1291/1295/2335/3624/3678/3693/3912/4313",13
"1690","pink","GO:0090287","regulation of cellular response to growth factor stimulus","23/202","276/17913",7.88109524520681e-14,1.84775860339894e-11,1.53851045935138e-11,"81792/54829/3491/90993/27122/11117/2200/2817/26585/5654/94031/3678/57608/4015/4681/56937/860/23213/55959/7041/7043/7057/114990",23
"1710","pink","GO:0070208","protein heterotrimerization","5/202","13/17913",2.07540315730393e-07,1.72660152989898e-05,1.43763070998303e-05,"114904/1277/1278/1291/1292",5
"1713","pink","GO:0006029","proteoglycan metabolic process","9/202","79/17913",2.56825779216708e-07,1.94809907235262e-05,1.62205755294763e-05,"81792/633/113189/337876/1301/2817/23213/55959/1462",9
"1735","pink","GO:0002576","platelet degranulation","9/202","128/17913",1.47910237040685e-05,0.000681179466657013,0.00056717459316353,"2335/2621/3671/5099/5054/6678/7043/7057/7078",9
"1747","pink","GO:0014910","regulation of smooth muscle cell migration","7/202","85/17913",4.90410240619526e-05,0.00185995295670258,0.00154866391774587,"8840/3488/50507/5159/5328/10631/5054",7
"1758","pink","GO:0003094","glomerular filtration","4/202","21/17913",8.08256759699756e-05,0.00260561772908209,0.00216953130235198,"2621/2697/23213/55959",4
"1767","pink","GO:0050673","epithelial cell proliferation","15/202","425/17913",9.99451380507596e-05,0.00292907398901033,0.0024388526509994,"100506013/1295/1296/2191/2697/5654/3488/57608/3912/4017/6678/23213/55959/7057/7472",15
"1770","pink","GO:0003416","endochondral bone growth","4/202","23/17913",0.00011749034762376,0.00332229528770954,0.00276626288725841,"54796/1311/2121/4322",4
"1778","pink","GO:0150063","visual system development","13/202","346/17913",0.000158648343000574,0.00412455830965738,0.00343425601587766,"1282/1289/1290/1295/1296/2200/2697/3624/3913/5159/55714/7070/7472",13
"1790","pink","GO:0034109","homotypic cell-cell adhesion","6/202","77/17913",0.000232699973446393,0.00540660568935358,0.00450173490593307,"1311/1465/2621/3956/10398/10630",6
"1803","pink","GO:0007565","female pregnancy","9/202","193/17913",0.000350939185884448,0.00729896903545154,0.00607738488288857,"100506013/1307/1833/2697/2706/3488/3678/4313/7043",9
"1822","tan","GO:0002479","antigen processing and presentation of exogenous peptide antigen via MHC class I, TAP-dependent","11/45","75/17913",2.92197526981493e-17,3.1111947983207e-14,2.01647015665015e-14,"3105/3106/3107/3133/3134/3135/5699/5696/5698/5720/6892",11
"1823","tan","GO:0042590","antigen processing and presentation of exogenous peptide antigen via MHC class I","11/45","78/17913",4.61601602124733e-17,3.1111947983207e-14,2.01647015665015e-14,"3105/3106/3107/3133/3134/3135/5699/5696/5698/5720/6892",11
"1828","tan","GO:0034340","response to type I interferon","10/45","95/17913",2.96315736933701e-14,5.70619447695183e-12,3.69837686699205e-12,"3105/3106/3107/3133/3134/3135/4615/5696/5777/55337",10
"1837","tan","GO:0070661","leukocyte proliferation","9/45","270/17913",1.93845498881349e-08,1.63314832807536e-06,1.05849844783894e-06,"972/975/3133/3135/3965/4478/5699/5777/10312",9
"1838","tan","GO:0045953","negative regulation of natural killer cell mediated cytotoxicity","4/45","14/17913",3.41451441094281e-08,2.70750907408877e-06,1.75482783967959e-06,"3133/3134/3135/3965",4
"1847","tan","GO:0002720","positive regulation of cytokine production involved in immune response","5/45","52/17913",1.89383901738236e-07,9.81882690550546e-06,6.36391248756015e-06,"972/975/3133/3134/3135",5
"1884","tan","GO:0006521","regulation of cellular amino acid metabolic process","4/45","61/17913",1.63329476017724e-05,0.000349473228050623,0.000226505371920988,"5699/5696/5698/5720",4
"1890","tan","GO:0072643","interferon-gamma secretion","3/45","22/17913",2.20651086909482e-05,0.000431069079933306,0.000279390392272875,"11118/3965/10312",3
"1893","tan","GO:0031146","SCF-dependent proteasomal ubiquitin-dependent protein catabolic process","4/45","69/17913",2.66638725153519e-05,0.000499206946537422,0.000323552839002077,"5699/5696/5698/5720",4
"1901","tan","GO:0061418","regulation of transcription from RNA polymerase II promoter in response to hypoxia","4/45","77/17913",4.11328176259632e-05,0.000691352383139745,0.000448088769331554,"5699/5696/5698/5720",4
"1906","tan","GO:0043488","regulation of mRNA stability","5/45","158/17913",4.604554976898e-05,0.000727995283374358,0.000471838267375228,"4615/5699/5696/5698/5720",5
"1917","tan","GO:0046596","regulation of viral entry into host cell","3/45","30/17913",5.7359513453321e-05,0.00079711983644409,0.000516640218841633,"972/3965/6737",3
"1921","tan","GO:0010972","negative regulation of G2/M transition of mitotic cell cycle","4/45","85/17913",6.06495641117691e-05,0.000809461509135294,0.000524639272670853,"5699/5696/5698/5720",4
"1961","tan","GO:0070206","protein trimerization","3/45","54/17913",0.000335973789598975,0.00323494763128155,0.0020966785365951,"972/3135/6737",3
"1970","tan","GO:0043301","negative regulation of leukocyte degranulation","2/45","12/17913",0.00040081615369777,0.0036020011678973,0.00233457829873087,"3134/3965",2
"1973","tan","GO:0002260","lymphocyte homeostasis","3/45","60/17913",0.000458664328533891,0.00406762838726109,0.00263636698534023,"972/3965/10312",3
"1974","tan","GO:0016579","protein deubiquitination","5/45","260/17913",0.000471336794091349,0.00415111850026134,0.00269047974013503,"5699/5696/5698/5720/6737",5
"2004","tan","GO:1905330","regulation of morphogenesis of an epithelium","4/45","181/17913",0.00108731860204185,0.00800931953853775,0.00519110980554922,"5699/5696/5698/5720",4
"2005","tan","GO:0032103","positive regulation of response to external stimulus","5/45","315/17913",0.0011183672917765,0.00819325602888434,0.00531032524127285,"972/975/3133/3965/4615",5
"2010","tan","GO:0002685","regulation of leukocyte migration","4/45","186/17913",0.00120262397764664,0.00857744508924694,0.00555933111359907,"972/975/3965/4478",4
"2016","turquoise","GO:0001667","ameboidal-type cell migration","88/1393","446/17913",2.2946370698734e-16,1.29509316223655e-12,1.04804528907165e-12,"90/130399/94/8754/56999/25960/9590/285/301/84159/659/29775/4856/1012/114757/1634/4921/1803/1910/1942/1960/5168/57669/83481/2241/2246/2247/2252/2260/27086/2719/3036/3037/1839/3357/3373/8692/3397/3611/9270/3725/25959/3791/9314/4215/4163/4208/4223/79812/3164/8829/8828/58495/22976/64081/5175/65979/23129/5468/5581/5587/5764/5793/5797/5829/28984/57381/23328/7857/10512/9037/5176/9353/64094/64321/54345/161742/90627/6776/4070/7010/7046/7048/7145/7291/7422/7424/9839",88
"2017","turquoise","GO:0003007","heart morphogenesis","58/1393","249/17913",2.0258594629872e-14,5.71697540454988e-11,4.62642326836919e-11,"90/94/9510/8313/659/10370/7122/10087/1363/9249/10395/28514/1832/1942/2006/2022/79633/8321/2702/79977/3037/57493/23462/3357/3611/3725/4208/4487/4734/8829/8828/58495/55742/5311/23129/5950/6256/1901/10512/6423/9353/6586/4091/6591/64321/54345/10252/6910/7010/7046/7048/7049/55273/7168/7291/7422/10413/23414",58
"2026","turquoise","GO:0050673","epithelial cell proliferation","76/1393","425/17913",4.96852812913254e-12,2.54930661462037e-09,2.06300895237379e-09,"94/187/405/538/654/659/857/858/4856/947/1012/1028/1030/6387/1910/1960/83481/2152/2246/2247/2252/2260/2321/2719/3037/3202/3357/3373/3397/3479/3487/3664/9270/3725/3791/687/3915/3952/4163/4208/4830/3164/8013/8829/8828/58495/64081/5468/5587/5764/5796/5797/5813/5925/28984/7857/9037/5176/2810/6423/51092/51804/6591/6776/4070/6934/7010/7046/7049/7060/7291/7422/79084/10413/7538/677",76
"2028","turquoise","GO:0031589","cell-substrate adhesion","63/1393","322/17913",6.6016298580771e-12,2.86612299376824e-09,2.31939044163535e-09,"25890/94/8754/56999/285/395/402/558/683/151887/947/948/967/1012/10391/10395/1842/1942/133584/57669/54749/2042/2192/10516/2241/10979/158326/8322/3037/3204/3397/3611/3672/3679/3685/9270/83700/3791/3915/22998/10894/91663/4739/8829/55742/79834/5175/90102/5581/5764/5796/5829/4091/64094/25992/10580/4070/7010/7301/7402/9341/7422/7450",63
"2031","turquoise","GO:0001101","response to acid chemical","62/1393","330/17913",5.75933070834252e-11,2.03160390736782e-08,1.64406157523014e-08,"19/2180/9370/1645/1646/8644/210/358/493/538/552/590/654/847/948/64506/80315/84649/1843/1958/2042/2350/2308/8322/2731/54331/2934/3399/3490/3791/10365/9314/3952/4023/5602/8648/4830/4915/5105/56034/80310/5156/5166/10400/55022/5311/5468/5562/5581/5732/5737/5764/5950/6256/5176/7049/7075/3371/9804/7422/10413/6935",62
"2066","turquoise","GO:1903034","regulation of response to wounding","35/1393","173/17913",1.3406577272728e-07,1.48366121818189e-05,1.20064269940901e-05,"150/196527/301/538/114897/857/947/948/22875/2043/83481/2149/2152/2247/2281/1839/9314/4638/5154/5156/90102/5327/8613/5581/5592/5627/5764/5802/6403/710/64094/94121/7035/7048/7056",35
"2068","turquoise","GO:0050878","regulation of body fluid levels","72/1393","499/17913",2.27672198850036e-07,2.42449413265963e-05,1.96200530448919e-05,"2/133/150/196527/308/187/358/408/538/114897/830/857/947/948/10391/139818/57572/1910/30846/22875/953/2162/2149/2151/2152/2157/2192/2702/54331/29841/3037/3043/57493/8692/3569/3611/3710/23028/4645/8648/4830/5021/9060/5154/5156/375033/5327/5547/5567/5573/5577/5581/5592/10544/5627/22841/6403/710/2810/23657/8835/6776/6777/6812/54843/7035/7980/7056/7301/7422/7450/23414",72
"2079","turquoise","GO:0002576","platelet degranulation","28/1393","128/17913",4.47139499244574e-07,3.92136149488674e-05,3.17333498569764e-05,"2/308/27154/801/948/967/1675/66005/2162/2157/3479/5154/5175/9749/5627/5919/6414/6403/710/6812/94121/7018/54495/7422/7423/7424/10490/7450",28
"2080","turquoise","GO:0106106","cold-induced thermogenesis","30/1393","143/17913",4.58557510032823e-07,3.92136149488674e-05,3.17333498569764e-05,"57406/33/2180/11096/9370/154/216/7840/57561/857/948/1734/2034/2167/50486/2628/3033/3397/23028/55818/3910/3952/4012/5021/56034/10400/5334/5925/7422/23090",30
"2081","turquoise","GO:0120161","regulation of cold-induced thermogenesis","30/1393","143/17913",4.58557510032823e-07,3.92136149488674e-05,3.17333498569764e-05,"57406/33/2180/11096/9370/154/216/7840/57561/857/948/1734/2034/2167/50486/2628/3033/3397/23028/55818/3910/3952/4012/5021/56034/10400/5334/5925/7422/23090",30
"2083","turquoise","GO:1901136","carbohydrate derivative catabolic process","34/1393","176/17913",6.291101248115e-07,5.22161403593545e-05,4.22555546680666e-05,"38/56999/23670/1471/1634/79077/22875/2247/2331/2581/132789/2799/2719/3339/3373/8692/11081/4060/10894/4669/4907/283927/4969/4958/10846/5136/5138/5141/5144/8654/27115/8622/6382/6996",34
"2085","turquoise","GO:0019216","regulation of lipid metabolic process","60/1393","402/17913",7.42688611715268e-07,5.9881921778871e-05,4.84590358831962e-05,"19/9619/57406/33/2180/221395/9370/133/150/8644/51129/427/552/654/857/83643/948/84649/1958/2246/2247/2274/2321/50486/57678/29841/3357/3417/3490/9314/3952/79888/9110/66036/8648/23054/8013/5154/5156/5164/5166/113791/8611/5468/5562/5581/5587/5919/5925/23179/6095/6256/142891/376497/6591/8835/10580/6777/7010/7291",60
"2097","turquoise","GO:0009154","purine ribonucleotide catabolic process","11/1393","26/17913",1.5644323133956e-06,0.000106998357636135,8.65876895414208e-05,"38/4907/283927/10846/5136/5138/5141/5144/8654/27115/8622",11
"2111","turquoise","GO:0042698","ovulation cycle","18/1393","68/17913",2.89650085439446e-06,0.000170290112731274,0.000137806109728263,"9510/408/558/1958/8322/3036/3037/3952/8648/5021/5156/5764/5176/9353/6586/6777/7079/7301",18
"2119","turquoise","GO:0048511","rhythmic process","45/1393","287/17913",4.80804215179314e-06,0.000260928749083851,0.000211154806646057,"9510/9370/408/558/79365/148523/1457/1471/1958/1959/1960/26224/8322/11245/3036/3037/3131/3725/8850/7071/687/3952/54551/5602/23077/4669/8648/4915/5021/5156/8863/5468/5562/5730/5764/6095/5176/9353/6586/6777/7008/7079/7291/7301/463",45
"2145","turquoise","GO:0110053","regulation of actin filament organization","37/1393","228/17913",1.50078698926154e-05,0.000651572443645547,0.000527280546267677,"57180/7840/395/7984/1073/10391/6387/10395/2006/2059/2241/2934/3397/10788/9270/55243/51474/22998/25802/1902/54551/91663/8829/90102/130271/5581/5829/28984/1901/9037/9353/51429/6711/23075/4070/7046/7168",37
"2152","turquoise","GO:0060390","regulation of SMAD protein signal transduction","9/1393","22/17913",1.98674953900798e-05,0.000818482802785476,0.000662351613504081,"654/4856/8483/1601/58495/64081/11030/6711/7046",9
"2165","turquoise","GO:0198738","cell-cell signaling by wnt","65/1393","500/17913",2.85732089147106e-05,0.00107511460743084,0.000870029147234592,"25960/51421/8313/80114/57658/801/857/440193/100133941/5218/1951/8418/1363/1457/23500/1601/85458/27123/1958/10979/2308/8321/8322/2737/54331/2719/2869/26959/3087/3090/3487/3489/3611/79960/9314/26524/9863/4163/29969/4286/4929/5311/23236/8613/5532/166336/5562/27303/8434/84870/6382/9037/6423/6424/6597/6591/64321/83595/6934/100113407/7320/51366/79971/10413/9839",65
"2170","turquoise","GO:0007204","positive regulation of cytosolic calcium ion concentration","39/1393","255/17913",3.58477799223369e-05,0.00129719901122819,0.00104974943297384,"133/287/187/493/552/624/114897/781/801/817/845/857/100133941/948/10523/1756/1909/1910/2149/2247/2281/3357/3685/3710/56704/1902/4644/5021/5144/5156/5311/5350/5581/10268/22821/1901/23075/11346/7220",39
"2173","turquoise","GO:1904019","epithelial cell apoptotic process","22/1393","111/17913",3.83081916793394e-05,0.0013602654329137,0.00110078550363918,"8644/51129/196527/659/666/57124/641700/2934/3569/3791/4217/5925/28984/7857/9037/6424/6934/7010/7048/7072/7538/677",22
"2177","turquoise","GO:0003014","renal system process","23/1393","120/17913",4.49171678647267e-05,0.0015373486845404,0.0012440889145848,"221395/9370/133/8644/358/552/947/10391/1910/2149/2702/2934/3037/3043/8692/26249/4162/4645/5125/5567/5573/5577/22841",23
"2185","turquoise","GO:0120162","positive regulation of cold-induced thermogenesis","20/1393","97/17913",4.72458182408649e-05,0.00156856116559672,0.00126934740153011,"33/2180/9370/154/7840/857/948/1734/2034/2167/50486/2628/3033/23028/55818/3952/5021/56034/10400/7422",20
"2194","turquoise","GO:0031668","cellular response to extracellular stimulus","38/1393","251/17913",5.62004900446234e-05,0.00177204226710533,0.00143401309205305,"8644/552/558/659/1030/80315/79077/2350/2353/2308/3178/3625/3725/25959/26153/7071/3952/4023/4217/8648/4929/5105/5164/5166/5287/5366/5468/5562/5587/5764/5899/143686/6423/51100/6513/54407/6591/3371",38
"2199","turquoise","GO:0060314","regulation of ryanodine-sensitive calcium-release channel activity","9/1393","25/17913",6.58829787344058e-05,0.0020167801708419,0.00163206556777258,"801/817/845/1756/2281/56704/5144/5311/5350",9
"2206","turquoise","GO:0086065","cell communication involved in cardiac conduction","14/1393","56/17913",7.1966711680874e-05,0.00212659749071651,0.00172093448323677,"287/781/801/817/845/857/1525/1829/1832/2281/2702/5144/6324/6330",14
"2208","turquoise","GO:1905314","semi-lunar valve development","11/1393","37/17913",7.79201922760256e-05,0.002278660959616,0.00184399080603041,"659/1942/2006/2702/23462/5925/9353/6586/4091/6591/7291",11
"2226","turquoise","GO:2000241","regulation of reproductive process","24/1393","135/17913",0.000108170588669059,0.00288351596681957,0.00233346558618936,"130399/10370/1843/1910/9759/27306/3479/3625/55726/3955/4487/5021/5139/8654/23236/5567/5573/5810/6256/5176/6812/7320/79084/23414",24
"2277","turquoise","GO:1904063","negative regulation of cation transmembrane transport","17/1393","85/17913",0.00025139670770461,0.00541558403925503,0.00438252436613219,"150/538/801/817/845/857/2281/2669/23479/7881/4734/5311/5350/10105/5581/6236/7291",17
"2290","turquoise","GO:0110020","regulation of actomyosin structure organization","18/1393","94/17913",0.000295526915629967,0.00602149426648208,0.00487285307588231,"11214/7840/395/7984/10391/10395/9270/22998/1902/4208/8829/90102/5829/28984/1901/4070/7046/7168",18
"2293","turquoise","GO:0070482","response to oxygen levels","50/1393","389/17913",0.000302490828821512,0.00614121668298063,0.00496973762308422,"94/9370/133/210/285/51129/81575/358/405/9915/538/665/847/857/100133941/947/10370/64506/80315/1471/6387/114757/1803/1909/1958/2034/2308/3952/1902/4929/5021/5105/9124/5327/5366/5423/5468/5562/5581/5740/5764/28984/6095/6513/7010/7048/7049/7291/7422/677",50
"2300","turquoise","GO:0043087","regulation of GTPase activity","52/1393","410/17913",0.00032069945987976,0.00635097456688199,0.00513948275685422,"4301/216/64411/392/83478/79822/395/7984/9459/402/408/663/858/1124/10395/139818/9732/2042/2043/50848/2149/10144/121512/152273/9815/3357/10788/9270/3725/23143/4739/8829/4915/23236/5592/5799/22841/9693/22821/54922/8490/1901/10484/9353/23161/112574/51429/10252/10253/90627/134957/64786",52
"2307","turquoise","GO:0051099","positive regulation of binding","28/1393","181/17913",0.000355014111003882,0.00684414873632998,0.00553858058244168,"408/857/1203/1663/285381/57669/2043/54552/3479/23028/9314/55323/3955/3958/4208/4830/8829/4931/5334/23129/5468/5899/9693/5925/10418/6934/117854/7291",28
"2309","turquoise","GO:0001991","regulation of systemic arterial blood pressure by circulatory renin-angiotensin","7/1393","19/17913",0.00037039748221553,0.00711062377423283,0.00575422368540345,"1066/1359/2028/2149/2702/4311/5125",7
"2311","turquoise","GO:0110110","positive regulation of animal organ morphogenesis","16/1393","80/17913",0.000378229556240016,0.00720939515586319,0.0058341537508468,"90/947/2022/2246/2252/2260/3217/5764/10512/51804/10252/7020/7046/7048/7291/7422",16
"2330","turquoise","GO:0150063","visual system development","45/1393","346/17913",0.000458538674534946,0.00821509920772268,0.00664801288043357,"94/493/8412/654/659/1028/91851/1471/28514/2202/8322/2737/79977/3725/11081/9314/79888/4124/4211/4212/4286/8736/4669/25945/8829/4915/5156/65979/5764/5797/5950/57381/6256/5176/23657/6597/7020/7046/7048/55000/7291/57045/7422/6935/9839",45
"2332","turquoise","GO:1904950","negative regulation of establishment of protein localization","29/1393","193/17913",0.000461407946287755,0.00821509920772268,0.00664801288043357,"130399/9370/150/301/4856/4345/947/948/10391/285381/27248/2149/2281/55691/3033/90865/3625/9270/8609/2615/29969/80762/91461/5569/11142/28984/258010/23208/94121",29
"2347","turquoise","GO:0071281","cellular response to iron ion","5/1393","10/17913",0.000510543697863907,0.00862727134953261,0.00698156036883547,"538/654/30061/7018/7020",5
"2357","turquoise","GO:0032410","negative regulation of transporter activity","16/1393","83/17913",0.000581674664340629,0.00957134637183239,0.00774554662750956,"150/801/817/845/857/2281/2669/7881/80762/4734/5311/5350/10105/5581/6236/7291",16
"2360","yellow","GO:0007018","microtubule-based movement","27/507","224/17913",2.32375927403971e-10,9.26250446632227e-07,8.88409861401286e-07,"57584/403/585/220136/161582/1767/79659/83657/79443/56912/8100/23303/23095/3800/23639/89876/4137/84709/55686/8382/5874/55638/26146/66008/9321/7345/57728",27
"2362","yellow","GO:0099111","microtubule-based transport","19/507","143/17913",2.24930149851833e-08,2.98857192436468e-05,2.86647826056792e-05,"57584/403/79659/83657/79443/56912/8100/23095/3800/4137/84709/55686/5874/55638/26146/66008/9321/7345/57728",19
"2364","yellow","GO:0060271","cilium assembly","27/507","335/17913",1.14872902760553e-06,0.000915766780807126,0.000878354490160689,"403/80127/585/90355/57562/55779/220136/161582/1767/79659/83657/56912/8100/79864/23639/4117/8382/64284/89765/202018/23329/23116/26146/9321/123016/57728/51364",27
"2368","yellow","GO:0061180","mammary gland epithelium development","10/507","67/17913",1.76047382374323e-05,0.00751553213607235,0.0072084962416391,"367/8945/1051/2066/2099/2625/4488/5241/6926/80139",10
"2369","yellow","GO:0072337","modified amino acid transport","6/507","21/17913",1.88548222179437e-05,0.00751553213607235,0.0072084962416391,"4036/5174/10560/6583/6584/113235",6
